<?xml version="1.0" encoding="UTF-8"?> 
<java version="1.6.0_20" class="java.beans.XMLDecoder"> 
 <object class="java.util.HashMap"> 
  <void method="put"> 
   <string>fflinstone</string> 
   <object class="edu.washington.rgm.account.SimpleAccount"> 
    <void property="balance"> 
     <int>39073690</int> 
    </void> 
    <void property="name"> 
     <string>fflinstone</string> 
    </void> 
    <void property="passwordHash"> 
     <array class="byte" length="20"> 
      <void index="0"> 
       <byte>42</byte> 
      </void> 
      <void index="1"> 
       <byte>-90</byte> 
      </void> 
      <void index="2"> 
       <byte>10</byte> 
      </void> 
      <void index="3"> 
       <byte>-113</byte> 
      </void> 
      <void index="4"> 
       <byte>-9</byte> 
      </void> 
      <void index="5"> 
       <byte>-4</byte> 
      </void> 
      <void index="6"> 
       <byte>-44</byte> 
      </void> 
      <void index="7"> 
       <byte>115</byte> 
      </void> 
      <void index="8"> 
       <byte>-45</byte> 
      </void> 
      <void index="9"> 
       <byte>33</byte> 
      </void> 
      <void index="10"> 
       <byte>-32</byte> 
      </void> 
      <void index="11"> 
       <byte>20</byte> 
      </void> 
      <void index="12"> 
       <byte>106</byte> 
      </void> 
      <void index="13"> 
       <byte>-3</byte> 
      </void> 
      <void index="14"> 
       <byte>-98</byte> 
      </void> 
      <void index="15"> 
       <byte>38</byte> 
      </void> 
      <void index="16"> 
       <byte>-33</byte> 
      </void> 
      <void index="17"> 
       <byte>57</byte> 
      </void> 
      <void index="18"> 
       <byte>81</byte> 
      </void> 
      <void index="19"> 
       <byte>71</byte> 
      </void> 
     </array> 
    </void> 
   </object> 
  </void> 
  <void method="put"> 
   <string>wflintstone</string> 
   <object class="edu.washington.rgm.account.SimpleAccount"> 
    <void property="balance"> 
     <int>42852350</int> 
    </void> 
    <void property="name"> 
     <string>wflintstone</string> 
    </void> 
    <void property="passwordHash"> 
     <array class="byte" length="20"> 
      <void index="0"> 
       <byte>-54</byte> 
      </void> 
      <void index="1"> 
       <byte>82</byte> 
      </void> 
      <void index="2"> 
       <byte>-107</byte> 
      </void> 
      <void index="3"> 
       <byte>-65</byte> 
      </void> 
      <void index="4"> 
       <byte>1</byte> 
      </void> 
      <void index="5"> 
       <byte>35</byte> 
      </void> 
      <void index="6"> 
       <byte>4</byte> 
      </void> 
      <void index="7"> 
       <byte>-74</byte> 
      </void> 
      <void index="8"> 
       <byte>-87</byte> 
      </void> 
      <void index="9"> 
       <byte>-95</byte> 
      </void> 
      <void index="10"> 
       <byte>59</byte> 
      </void> 
      <void index="11"> 
       <byte>36</byte> 
      </void> 
      <void index="12"> 
       <byte>-78</byte> 
      </void> 
      <void index="13"> 
       <byte>71</byte> 
      </void> 
      <void index="14"> 
       <byte>38</byte> 
      </void> 
      <void index="15"> 
       <byte>61</byte> 
      </void> 
      <void index="16"> 
       <byte>-7</byte> 
      </void> 
      <void index="17"> 
       <byte>-55</byte> 
      </void> 
      <void index="18"> 
       <byte>67</byte> 
      </void> 
      <void index="19"> 
       <byte>112</byte> 
      </void> 
     </array> 
    </void> 
   </object> 
  </void> 
 </object> 
</java> 
